商品ID,スナップショットID,商品画像名_1,商品画像更新フラグ_1,商品画像登録有無_1,商品画像名_2,商品画像更新フラグ_2,商品画像登録有無_2,商品画像名_3,商品画像更新フラグ_3,商品画像登録有無_3,商品画像名_4,商品画像更新フラグ_4,商品画像登録有無_4,商品画像名_5,商品画像更新フラグ_5,商品画像登録有無_5,商品画像名_6,商品画像更新フラグ_6,商品画像登録有無_6,商品画像名_7,商品画像更新フラグ_7,商品画像登録有無_7,商品画像名_8,商品画像更新フラグ_8,商品画像登録有無_8,商品画像名_9,商品画像更新フラグ_9,商品画像登録有無_9,商品画像名_10,商品画像更新フラグ_10,商品画像登録有無_10,商品名,商品説明,SKU1_ID,SKU1_スナップショットID,SKU1_種類,SKU1_現在の在庫数,SKU1_増減フラグ,SKU1_在庫増減数,SKU1_商品管理コード,SKU1_JANコード,SKU2_ID,SKU2_スナップショットID,SKU2_種類,SKU2_現在の在庫数,SKU2_増減フラグ,SKU2_在庫増減数,SKU2_商品管理コード,SKU2_JANコード,SKU3_ID,SKU3_スナップショットID,SKU3_種類,SKU3_現在の在庫数,SKU3_増減フラグ,SKU3_在庫増減数,SKU3_商品管理コード,SKU3_JANコード,SKU4_ID,SKU4_スナップショットID,SKU4_種類,SKU4_現在の在庫数,SKU4_増減フラグ,SKU4_在庫増減数,SKU4_商品管理コード,SKU4_JANコード,SKU5_ID,SKU5_スナップショットID,SKU5_種類,SKU5_現在の在庫数,SKU5_増減フラグ,SKU5_在庫増減数,SKU5_商品管理コード,SKU5_JANコード,SKU6_ID,SKU6_スナップショットID,SKU6_種類,SKU6_現在の在庫数,SKU6_増減フラグ,SKU6_在庫増減数,SKU6_商品管理コード,SKU6_JANコード,SKU7_ID,SKU7_スナップショットID,SKU7_種類,SKU7_現在の在庫数,SKU7_増減フラグ,SKU7_在庫増減数,SKU7_商品管理コード,SKU7_JANコード,SKU8_ID,SKU8_スナップショットID,SKU8_種類,SKU8_現在の在庫数,SKU8_増減フラグ,SKU8_在庫増減数,SKU8_商品管理コード,SKU8_JANコード,SKU9_ID,SKU9_スナップショットID,SKU9_種類,SKU9_現在の在庫数,SKU9_増減フラグ,SKU9_在庫増減数,SKU9_商品管理コード,SKU9_JANコード,SKU10_ID,SKU10_スナップショットID,SKU10_種類,SKU10_現在の在庫数,SKU10_増減フラグ,SKU10_在庫増減数,SKU10_商品管理コード,SKU10_JANコード,ブランドID,販売価格,カテゴリID,商品の状態,配送方法,発送元の地域,発送までの日数,商品ステータス,商品登録日時,最終更新日時,Hash
r3YPjUQboEuHjqyNYDVrT5,38qDioSSHUYanrYTYJLrDJ,,1,1,,1,1,,1,1,,1,1,,1,1,,1,1,,1,1,,1,2,,1,2,,1,2,★ ジョイホワイト 4段★山善(YAMAZEN) 文庫本収納ラック 本棚,全国送料無料配送 !!!★ ジョイホワイト 4段★山善(YAMAZEN) 文庫本収納ラック 本棚●文庫本やコミック収納に最適、奥行き17cmのスリムな文庫本ラック&#10;●CD、DVD、大判コミック、ハードカバー本も収納可能&#10;●奥行スリムで省スペースデザイン&#10;●スリム設計だから、高さも奥行きも場所をとらない&#10;●コミック収納目安:160冊&#10;●DVD収納目安:144枚お客様組立品本体サイズ:幅60×奥行17×高さ89cm材質:プリント紙化粧繊維板原産国:インドネシア原産国:インドネシア,nwPbyz5dkBgTzRXh5hNCCm,nGS9SWKG2kfwWcyN4U5rMj,,1,,,MC0000011,,,,,,,,,,,,,,,,,,,,,,,,,,,,,,,,,,,,,,,,,,,,,,,,,,,,,,,,,,,,,,,,,,,,,,,,,,,1308,ND9mi8Q8WLSBuKsdfTVavm,1,1,jp12,3,1,2023/03/30 11:31:59,2023/03/30 11:31:59,bd20b5cf322e7a246b535cba49b87978
4ZoMKCXE7jYJYouQUVAj64,oFEKo65jLTey3sfjpkciVB,,1,1,,1,1,,1,1,,1,1,,1,1,,1,2,,1,2,,1,2,,1,2,,1,2,DAISHIN(大進) 超軽量 4段階伸縮式 高枝切鋏 ミニフィット,全国送料無料配送 !!!DAISHIN(大進) 超軽量 4段階伸縮式 高枝切鋏 ミニフィット約3mまでの庭木の剪定に最適&#10;軽量で作業効率UP&#10;94cm-142cmまで4段階伸縮式高枝切鋏&#10;バラの剪定にも最適な商品です製造国 : 台湾特徴 : 最少92cmで、コンパクトに収納可能キャッチャー : カットした小枝を落とさないキャッチ機構長さ調節レバー : 4段階で92-142cmまで伸縮長さ調節レバー : 4段階で92-142cmまで伸縮,vHD4Xjx5c7639TT6NHJP6S,HejRMKbPwRcAX4jaUD4beQ,,1,,,MC0000010,,,,,,,,,,,,,,,,,,,,,,,,,,,,,,,,,,,,,,,,,,,,,,,,,,,,,,,,,,,,,,,,,,,,,,,,,,,1308,5ZcyrFzar4QKvQMaBgYUuV,1,1,jp12,3,1,2023/03/30 11:31:59,2023/03/30 11:31:59,c553c29a85bf84929af243e68d9eece9
wchkNjG87ve9JHwZLEvy8d,KrZvmrptg2LZdMBfG6AtvN,,1,1,,1,1,,1,1,,1,1,,1,1,,1,1,,1,1,,1,1,,1,1,,1,2,★ ホワイト 単品★不二貿易 サイドテーブル 丸 幅40cm ホワイト 曲木,全国送料無料配送 !!!★ ホワイト 単品★不二貿易 サイドテーブル 丸 幅40cm ホワイト 曲木ソファの横に置いてサイドテーブルとしても&#10;ベッドルームでも使用出来るコンパクトで丁度いいサイズ&#10;組立も簡単素材・材質:天板/天然木化粧繊維板、その他/繊維板[ラッカー塗装]・積層合板原産国:ベトナム天板耐荷重目安:10kg天板厚み:1.8cm天板厚み:1.8cm,Fsd5N7kCpFQumhUdab23qY,x6tEUnVjVt5PbYmV7xDNvX,,1,,,MC0000009,,,,,,,,,,,,,,,,,,,,,,,,,,,,,,,,,,,,,,,,,,,,,,,,,,,,,,,,,,,,,,,,,,,,,,,,,,,1308,ugMZ4iYK2muWMt9xaa2jcL,1,1,jp12,3,1,2023/03/30 11:31:59,2023/03/30 11:31:59,95375c27848b896df06d89115c26cbad
RdrtkZdiwkTGgQzY8fiuxR,3LLmtesXN433FBMkAtpXYh,,1,1,,1,1,,1,1,,1,1,,1,1,,1,1,,1,1,,1,1,,1,1,,1,2,★ ブラック★VICTORINOX(ビクトリノックス) キッチンハサミ,全国送料無料配送 !!!★ ブラック★VICTORINOX(ビクトリノックス) キッチンハサミ商品紹介&#10;&#10;片側の刃にミクロウェーブ加工（小さなギザギザ刃）がされています。料理から食品包装の開封まで広範囲で使用になれます。&#10;&#10;Amazonより&#10;&#10;●1884年にスイスで創業されたヨーロッパ最大の刃物メーカー&#10;●料理のプロに認められた切れ味でお料理の世界が広がる&#10;●片側の刃にミクロウェーブ加工（小さなギザギザ刃）がされている。料理から食品包装の開封まで広範囲で使用になれる<b>メーカー型番:</b> 7.6363.3<b>サイズ:</b> 全長20cm<b>重量:</b> 93g<b>素材:</b> 刃部/ステンレススチール、ハンドル部/ポリアミド樹脂<b>素材:</b> 刃部/ステンレススチール、ハンドル部/ポリアミド樹脂,wLDyXgLSoZgoQmThAazNDo,jzyANCVAfi9NRiXPJxkZrN,,1,,,MC0000008,,,,,,,,,,,,,,,,,,,,,,,,,,,,,,,,,,,,,,,,,,,,,,,,,,,,,,,,,,,,,,,,,,,,,,,,,,,1308,yX5LNnsy3rJHrkFiZETWFX,1,1,jp12,3,1,2023/03/30 11:31:59,2023/03/30 11:31:59,c4466088317adaa01ee22289c04f7a4e
7CCoZwvtDojXEmS9jpk3r4,JJg9Abjj2ifPJ2WUt7WoVT,,1,1,,1,1,,1,1,,1,1,,1,1,,1,2,,1,2,,1,2,,1,2,,1,2,★ 縦型 箸立て付き パールホワイト★サンコープラスチック 日本製 水切りかご,全国送料無料配送 !!!★ 縦型 箸立て付き パールホワイト★サンコープラスチック 日本製 水切りかご商品の説明&#10;&#10;●幅×奥行×高さ(?)●450×326×182●材質:ポリプロピレン食器から流れ落ちた水は直接シンクへ流れるので水を捨てる手間がいりません。●箸立て・水受け皿の取り外しが可能です。&#10;&#10;Amazonより&#10;&#10;●水受けの水が直接シンクに流れ込む構造で食器洗いのたびに水を捨てる手間が省ける&#10;●水受け部分の水切れがよく、水が溜まらないので衛生的&#10;●箸立てつきで箸やスプーンなどが迷子になりにくい本体サイズ:約W450×D326×H182mm本体重量:約889g素材・材質:ポリプロピレン生産国:日本生産国:日本,ncmKimhrDdvMJxALQVo7D9,3dshnahcREPT7jsosVaAUc,,1,,,MC0000007,,,,,,,,,,,,,,,,,,,,,,,,,,,,,,,,,,,,,,,,,,,,,,,,,,,,,,,,,,,,,,,,,,,,,,,,,,,1308,5bC83CUbdTPCwy4KAvCuWF,1,1,jp12,3,1,2023/03/30 11:31:59,2023/03/30 11:31:59,3944b998abc169f8bc2d339c6be44910
e6c7pcWvgHAZDKP45JuNbf,o7FLR7Gh8VY5FDTg3SxGWQ,,1,1,,1,1,,1,1,,1,1,,1,1,,1,1,,1,1,,1,1,,1,1,,1,1,★ 55SH SERIES II-X★SHURE シュア 55SH,"全国送料無料配送 !!!★ 55SH SERIES II-X★SHURE シュア 55SHダイナミック/指向特性パターン:カーディオイド/再生周波数帯域: 50 Hz - 15 kHz/インピーダンス:150Ω形式: ダイナミック付属品:3/8""→5/8""変換ねじ/ON/OFFスイッチ付指向特性:カーディオイド周波数特性:50Hz~15kHz周波数特性:50Hz~15kHz",7YpsGFErHqWhtxftxjw55B,54xuUAqbJqSF2KE2CBDGQj,,1,,,MC0000005,,,,,,,,,,,,,,,,,,,,,,,,,,,,,,,,,,,,,,,,,,,,,,,,,,,,,,,,,,,,,,,,,,,,,,,,,,,1308,p9dxKZoW9sMyV5muEgoDKT,1,1,jp12,3,1,2023/03/30 11:31:59,2023/03/30 11:31:59,86542edf24622335ffe7043602c8e94e
DtQQuLRzVPJDnX7PMsHCUa,jiEZu4cmeL8hqpN8u6GCAZ,,1,1,,1,1,,1,1,,1,1,,1,1,,1,1,,1,1,,1,1,,1,1,,1,1,★ 250ml ガラス 単品★BODUM ボダム PAVINA パヴィーナ,全国送料無料配送 !!!★ 250ml ガラス 単品★BODUM ボダム PAVINA パヴィーナ熟練された職人による吹きガラス製法で、ひとつずつ作られたボダムダブルウォールグラスは、耐熱ガラスの二重構造で、温かい飲みものは温かく、冷たい飲みものは冷たいまま、飲みもののおいしさを持続させる、保温性、保冷性に優れたグラスです。&#10;また、温かい飲みものを入れても熱くて持てないということや、冷たい飲みものを入れても結露しにくいので、グラスやテーブルが濡れるということがありません。(気温や湿度によっては、結露する場合もございます。)&#10;飲みものが宙に浮いて見えるユニークなデザインも特徴でドリンクのグラスとしてもお料理の器としても、多種多様にご使用いただくことができます。Amazon.co.jpが販売、発送する商品は日本正規販売品です。日本正規販売品であるという証に、日本語の取扱説明書が同梱されています。1箱2個セットサイズ（1個あたり）：φ89 x H92mm重量（1個あたり）：133g重量（1個あたり）：133g,xdF4TxrdbWxDv6a4e9aiqd,xSRrj3veYDm73Zkz6JX3vT,,1,,,MC0000006,,,,,,,,,,,,,,,,,,,,,,,,,,,,,,,,,,,,,,,,,,,,,,,,,,,,,,,,,,,,,,,,,,,,,,,,,,,1308,XPYT27bQBftS77uJTQK5GY,1,1,jp12,3,1,2023/03/30 11:31:59,2023/03/30 11:31:59,62fbd0c1785a5780b3e7e0bcd9db7d67
Y2nbsAcWaZe6zifjdUaDdc,tBHQbc5CJeUCG88kMSFGvg,,1,1,,1,1,,1,1,,1,1,,1,1,,1,1,,1,2,,1,2,,1,2,,1,2,★ 02ヴィオニエ/シャルドネ 2個セット★[正規品] RIEDEL リーデル,"全国送料無料配送 !!!★ 02ヴィオニエ/シャルドネ 2個セット★[正規品] RIEDEL リーデル[リーデル・オー]は、マシンメイドのベストセラーシリーズ[ヴィノム シリーズ]の中で最もポピュラーなブドウ品種をピックアップし、そのコンセプトを受け継いでデザインされました。 カジュアルなタンブラーではあっても、他のシリーズと同様、ブドウ品種毎にワインの個性が最大限に引き出されるよう設計されています。 タンブラータイプなので、ソフトドリンクを入れても違和感がなく、幅広いシーンで活躍します。 2個入りのパッケージでお手頃な価格なので、ちょっとしたギフトにもぴったりです。""高さ"":(約)9.6cm""容量"":320ml""素材"":クリスタルガラス""生産国"":ドイツ""生産国"":ドイツ",WAL7Z5oTJCc34VtZzuoSpK,qpZZhkf88gZJv4YFJucRK7,,1,,,MC0000004,,,,,,,,,,,,,,,,,,,,,,,,,,,,,,,,,,,,,,,,,,,,,,,,,,,,,,,,,,,,,,,,,,,,,,,,,,,1308,XPYT27bQBftS77uJTQK5GY,1,1,jp12,3,1,2023/03/30 11:31:59,2023/03/30 11:31:59,254920f551e0fad73a8c6e8f37fa415d
GGiSmAgncfnvAxjmumQzLG,b4JZSEn7qM8484NrKX2NbB,,1,1,,1,1,,1,1,,1,1,,1,1,,1,1,,1,1,,1,1,,1,2,,1,2,★ 18cm ジオ(15年保証)★宮崎製作所 ジオ 片手鍋 18cm 日本製,全国送料無料配送 !!!★ 18cm ジオ(15年保証)★宮崎製作所 ジオ 片手鍋 18cm 日本製服部幸應氏監修の「食育」を最優先に考えたクッキングウェア&#10;実用的に使え、優れた機能や構造も魅力です&#10;熱効率が良く汚れもすぐに落ちる全面7層構造&#10;少量の水分で調理できるので栄養を逃がしません&#10;ウォーターシール(水蒸気膜)で本体と蓋が密着して密閉状態を保ちますサイズ:幅41.7×奥行19.8×高さ12.8cm本体重量:1.29kg素材・材質:ステンレス、アルミ容量:2.0L容量:2.0L,axZsX46uc4UUutA5MgNGZ3,LTwaECamWkpV8WFGFUU9iW,,1,,,MC0000002,,,,,,,,,,,,,,,,,,,,,,,,,,,,,,,,,,,,,,,,,,,,,,,,,,,,,,,,,,,,,,,,,,,,,,,,,,,1308,yX5LNnsy3rJHrkFiZETWFX,1,1,jp12,3,1,2023/03/30 11:31:59,2023/03/30 11:31:59,de2d6247c246b08d8a320e36bf0d8dde
Pnyxw35hQiBXKzWyKYuBiX,75pYCRvCKEzVAkhtaxiJqh,,1,1,,1,1,,1,1,,1,1,,1,1,,1,1,,1,1,,1,1,,1,2,,1,2,ジオ・プロダクト 行平鍋 15cm 6220-006012 847940,全国送料無料配送 !!!ジオ・プロダクト 行平鍋 15cm 6220-006012 847940商品紹介&#10;&#10;食育実践、よいものを次世代に伝える調理器具&#10;&#10;メーカーについて&#10;&#10;1960年の創立以来、確かな品質の金属ハウスウエアを作り続けてきた宮崎製作所が、1996年に立ち上げたのが「ジオ・プロダクト」シリーズ。「食」の達人としてテレビなどでもお馴染みの服部幸應氏をスーパーバイザーに迎えて開発された一連の製品は、機能性はもちろん、手入れの簡単さと耐久性を重視したプロ仕様のアイテムとなっている。15年という保証期間の長さからも、出来映えへの自信が感じられる。&#10;鍋製品の材質は、熱伝導性の高いアルミニウムをステンレスで挟んだ全面7層構造。鍋ごとオーブンで使用することもできるし、鍋そのものをオーブンのように使って、ケーキを作ることもできるほど高性能だ。ハンドルもステンレスなので「熱くなるのでは」と不安に感じる向きもあるかもしれないが、この部分が握れないほど熱ければ火力が強すぎる目安になるというから、よく考えられている。サイズ:幅37.7×奥行17×高さ17cm本体重量:710g素材・材質:ステンレス、アルミ容量:0.9L容量:0.9L,H2MCRReghwHqmJmnN3CVP8,SvKunSWyfRswHpWvNSy27G,,1,,,MC0000001,,,,,,,,,,,,,,,,,,,,,,,,,,,,,,,,,,,,,,,,,,,,,,,,,,,,,,,,,,,,,,,,,,,,,,,,,,,1308,yX5LNnsy3rJHrkFiZETWFX,1,1,jp12,3,1,2023/03/30 11:31:59,2023/03/30 11:31:59,dbc8881a672832606cb61b28b98915c1
pDnFNsESKy6qGKcov4dcLR,QQhosEi8PSd2DyeeBWb5m3,,1,1,,1,1,,1,1,,1,1,,1,1,,1,1,,1,1,,1,1,,1,2,,1,2,★ 18cm ジオ(15年保証)★宮崎製作所 ジオ 行平鍋 18cm 日本製,全国送料無料配送 !!!★ 18cm ジオ(15年保証)★宮崎製作所 ジオ 行平鍋 18cm 日本製商品紹介&#10;&#10;食育実践、よいものを次世代に伝える調理器具&#10;&#10;メーカーについて&#10;&#10;1960年の創立以来、確かな品質の金属ハウスウエアを作り続けてきた宮崎製作所が、1996年に立ち上げたのが「ジオ・プロダクト」シリーズ。「食」の達人としてテレビなどでもお馴染みの服部幸應氏をスーパーバイザーに迎えて開発された一連の製品は、機能性はもちろん、手入れの簡単さと耐久性を重視したプロ仕様のアイテムとなっている。15年という保証期間の長さからも、出来映えへの自信が感じられる。&#10;鍋製品の材質は、熱伝導性の高いアルミニウムをステンレスで挟んだ全面7層構造。鍋ごとオーブンで使用することもできるし、鍋そのものをオーブンのように使って、ケーキを作ることもできるほど高性能だ。ハンドルもステンレスなので「熱くなるのでは」と不安に感じる向きもあるかもしれないが、この部分が握れないほど熱ければ火力が強すぎる目安になるというから、よく考えられている。サイズ:18cm:34.7x20x9.9cm本体重量:680g素材・材質:ステンレス鋼(クローム18%・ニッケル8%)、アルミニウム合金、アルミニウム、ステンレス鋼(クローム18%)の全面7層構造生産国:日本生産国:日本,Jhe5hEmjjNifycVBhi3Coe,oV75XUu2dzp5deCgLRdyz4,,1,,,MC0000003,,,,,,,,,,,,,,,,,,,,,,,,,,,,,,,,,,,,,,,,,,,,,,,,,,,,,,,,,,,,,,,,,,,,,,,,,,,1308,yX5LNnsy3rJHrkFiZETWFX,1,1,jp12,3,1,2023/03/30 11:31:59,2023/03/30 11:31:59,c1b2219998b5380eb968934984a526e7
